{
  "version": 1,
  "call_id": "Prueba 1",
  "key_id": "call-Prueba-1-20251022-020637-d594",
  "alg": {
    "aead": "AES-256-GCM",
    "wrap": "RSA-OAEP-SHA256",
    "sig": "Ed25519",
    "hash": "SHA-256"
  },
  "bidder": {
    "name": "Carlos",
    "identifier": "29607448",
    "ed25519_pk_hex": "7b13a1ab13a8ee57e4ea08ac749cf0443bab3e448671df7e4ec179de8f29bb70"
  },
  "payload_sha256": "c7a3c13bde052e34891f59592d1e1740707bbafb63406ff4657a77c14472716a",
  "content_zip_sha256": "efcde44a181c268cafbc9d410f7a552220d4d825451274c1fde71e886f6ea592",
  "timestamp": "2025-10-22T02:09:58.398141Z"
}