{
  "version": 1,
  "call_id": "OBRA-001",
  "key_id": "call-OBRA-001-20251015-015420-6d92",
  "alg": {
    "aead": "AES-256-GCM",
    "wrap": "RSA-OAEP-SHA256",
    "sig": "Ed25519",
    "hash": "SHA-256"
  },
  "bidder": {
    "name": "Carlos Jose",
    "identifier": "29607448",
    "ed25519_pk_hex": "7b13a1ab13a8ee57e4ea08ac749cf0443bab3e448671df7e4ec179de8f29bb70"
  },
  "payload_sha256": "5b17918aef5876321327cb44817f62fc24e1c9331311959d13292a3d13be979b",
  "content_zip_sha256": "b03bbe26db2b92c1c296ea358f230b721e8813a05bf7ffacea4e8f67e4b10330",
  "timestamp": "2025-10-15T02:19:50.389135Z"
}