{
  "version": 1,
  "call_id": "Bobby",
  "key_id": "call-Bobby-20251015-100107-a5c0",
  "alg": {
    "aead": "AES-256-GCM",
    "wrap": "RSA-OAEP-SHA256",
    "sig": "Ed25519",
    "hash": "SHA-256"
  },
  "bidder": {
    "name": "Pedro",
    "identifier": "45556",
    "ed25519_pk_hex": "7b13a1ab13a8ee57e4ea08ac749cf0443bab3e448671df7e4ec179de8f29bb70"
  },
  "payload_sha256": "c36441b07f621ff51ac1931c4930cf121551720443ced3e6bb6187213acfb072",
  "content_zip_sha256": "2e4ba73e8bb3b913d1c3f7a5262a4de2673ecfdcae5877465f9088ae67c37cc3",
  "timestamp": "2025-10-15T10:03:27.860259Z"
}